<?xml version="1.0" encoding="UTF-8"?>
<con:config xmlns:con="http://www.sourceid.org/2004/05/config">
    <con:map name="IdpAuthnAdapterInstances">
        <con:item name="HTMLFormPD">com.pingidentity.adapters.htmlform.idp.HtmlFormIdpAuthnAdapter</con:item>
        <con:item name="Google">com.pingidentity.adapter.idp.google.GoogleAuthenticationAdapter</con:item>
        <con:item name="IDFirst">com.pingidentity.adapters.identifierfirst.idp.IdentifierFirstAdapter</con:item>
        <con:item name="LocalForm">com.pingidentity.adapters.htmlform.idp.HtmlFormIdpAuthnAdapter</con:item>
        <con:item name="PingID">com.pingidentity.adapters.pingid.PingIDAdapter</con:item>
        <con:item name="P1HTML">com.pingidentity.adapters.htmlform.idp.HtmlFormIdpAuthnAdapter</con:item>
    </con:map>
    <con:map name="IdpAdapterInstanceParents"/>
</con:config>