<?xml version="1.0" encoding="UTF-8"?>
<urn:AdapterConfiguration isInheritExtendedContractAttributes="false" name="com.pingidentity.pf.datastore.other.RestDataSourceDriver" xmlns:urn="urn:sourceid.org:saml2:adapter:conf">
    <urn:Fields>
        <urn:Field name="Base URL">https://pingdirectory:443/directory/v1/</urn:Field>
        <urn:Field name="Authentication Method">Basic Authentication</urn:Field>
        <urn:Field name="Username">administrator</urn:Field>
        <urn:Field name="Password">eyJhbGciOiJkaXIiLCJlbmMiOiJBMTI4Q0JDLUhTMjU2Iiwia2lkIjoiRW1JY1UxOVdueSIsInZlcnNpb24iOiI5LjMuMS4xIn0..2_9SrfZr6JLNn46nzbhtWA.RfN_21A5WAl-1wH3hiYjVg.R8rS31Xdtu_GMVbUqDpB3Q</urn:Field>
        <urn:Field name="OAuth Token Endpoint"/>
        <urn:Field name="OAuth Scope"/>
        <urn:Field name="Client ID"/>
        <urn:Field name="Client Secret"/>
        <urn:Field name="Enable HTTPS Hostname Verification">false</urn:Field>
        <urn:Field name="Read Timeout (ms)">0</urn:Field>
        <urn:Field name="Connection Timeout (ms)">0</urn:Field>
        <urn:Field name="Max Payload Size (KB)">0</urn:Field>
        <urn:Field name="Retry Request">true</urn:Field>
        <urn:Field name="Maximum Retries Limit">5</urn:Field>
        <urn:Field name="Retry Error Codes">429</urn:Field>
        <urn:Field name="Test Connection URL">https://pingdirectory:443/directory/v1/uid=administrator,ou=people,dc=example,dc=com</urn:Field>
    </urn:Fields>
    <urn:AdvancedFields>
        <urn:Field name="Enable HTTPS Hostname Verification">false</urn:Field>
        <urn:Field name="Read Timeout (ms)">0</urn:Field>
        <urn:Field name="Connection Timeout (ms)">0</urn:Field>
        <urn:Field name="Max Payload Size (KB)">0</urn:Field>
        <urn:Field name="Retry Request">true</urn:Field>
        <urn:Field name="Maximum Retries Limit">5</urn:Field>
        <urn:Field name="Retry Error Codes">429</urn:Field>
        <urn:Field name="Test Connection URL">https://pingdirectory:443/directory/v1/uid=administrator,ou=people,dc=example,dc=com</urn:Field>
    </urn:AdvancedFields>
    <urn:Tables>
        <urn:Table name="HTTP Request Headers"/>
        <urn:Table name="Attributes">
            <urn:Row>
                <urn:Field name="Local Attribute">cn</urn:Field>
                <urn:Field name="JSON Response Attribute Path">/cn/0</urn:Field>
            </urn:Row>
        </urn:Table>
    </urn:Tables>
</urn:AdapterConfiguration>