<?xml version="1.0" encoding="UTF-8"?>
<urn:AuthnSelectionConfig lastModifiedMillis="1572818977866" enableAuthnSelection="true" enableSpAuthnSelection="true" failIfNoSelection="false" xmlns:urn="urn:pingidentity.com:pf:authn-selection">
    <urn:AuthnSelectionTrees>
        <urn:AuthnSelectionTree treeName="idfirst" disabled="false" authnApiApp="">
            <urn:AstRoot context="">
                <urn:AstAction authnSelectorId="SampleSP" xsi:type="urn:AuthnSelectorActionType" xmlns:xsi="http://www.w3.org/2001/XMLSchema-instance"/>
                <urn:AstChild context="No">
                    <urn:AstAction noOpType="CONTINUE" xsi:type="urn:NoOpActionType" xmlns:xsi="http://www.w3.org/2001/XMLSchema-instance"/>
                </urn:AstChild>
                <urn:AstChild context="Yes">
                    <urn:AstAction xsi:type="urn:AuthnSourceActionType" xmlns:xsi="http://www.w3.org/2001/XMLSchema-instance">
                        <urn:AuthnSourceKey type="ADAPTER">IDFirst</urn:AuthnSourceKey>
                        <urn:fallbackToSuccess>true</urn:fallbackToSuccess>
                        <urn:attributeRule>
                            <urn:IncomingAttr>domain</urn:IncomingAttr>
                            <urn:Operand>EQUALS</urn:Operand>
                            <urn:ExpectedValue>gmail.com</urn:ExpectedValue>
                            <urn:Result>Google</urn:Result>
                        </urn:attributeRule>
                        <urn:attributeRule>
                            <urn:IncomingAttr>domain</urn:IncomingAttr>
                            <urn:Operand>EQUALS</urn:Operand>
                            <urn:ExpectedValue>emcins.com</urn:ExpectedValue>
                            <urn:Result>Local</urn:Result>
                        </urn:attributeRule>
                        <urn:attributeRule>
                            <urn:IncomingAttr>domain</urn:IncomingAttr>
                            <urn:Operand>EQUALS</urn:Operand>
                            <urn:ExpectedValue>emcre.com</urn:ExpectedValue>
                            <urn:Result>EMCRe</urn:Result>
                        </urn:attributeRule>
                        <urn:attributeRule>
                            <urn:IncomingAttr>domain</urn:IncomingAttr>
                            <urn:Operand>EQUALS</urn:Operand>
                            <urn:ExpectedValue>partner.com</urn:ExpectedValue>
                            <urn:Result>Partner</urn:Result>
                        </urn:attributeRule>
                    </urn:AstAction>
                    <urn:AstChild context="Fail">
                        <urn:AstAction noOpType="DONE" xsi:type="urn:NoOpActionType" xmlns:xsi="http://www.w3.org/2001/XMLSchema-instance"/>
                    </urn:AstChild>
                    <urn:AstChild context="Google">
                        <urn:AstAction xsi:type="urn:AuthnSourceActionType" xmlns:xsi="http://www.w3.org/2001/XMLSchema-instance">
                            <urn:AuthnSourceKey type="ADAPTER">Google</urn:AuthnSourceKey>
                            <urn:fallbackToSuccess>true</urn:fallbackToSuccess>
                        </urn:AstAction>
                        <urn:AstChild context="Fail">
                            <urn:AstAction noOpType="DONE" xsi:type="urn:NoOpActionType" xmlns:xsi="http://www.w3.org/2001/XMLSchema-instance"/>
                        </urn:AstChild>
                        <urn:AstChild context="Success">
                            <urn:AstAction apcId="1ZTo0IqW68E7PBEU" xsi:type="urn:ApcMappingActionType" xmlns:xsi="http://www.w3.org/2001/XMLSchema-instance">
                                <urn:AttributeMapping>
                                    <urn1:AttributeMap Name="firstName" Type="LDAP" AttributeSourceId="PingDir" Value="givenName" xmlns:urn1="urn:sourceid.org:saml2:metadata-extension:v2"/>
                                    <urn1:AttributeMap Name="lastName" Type="LDAP" AttributeSourceId="PingDir" Value="sn" xmlns:urn1="urn:sourceid.org:saml2:metadata-extension:v2"/>
                                    <urn1:AttributeMap Name="subject" Type="Adapter" AttributeSourceId="Google" Value="email" xmlns:urn1="urn:sourceid.org:saml2:metadata-extension:v2"/>
                                    <urn1:AttributeMap Name="cn" Type="Text" Value="google" xmlns:urn1="urn:sourceid.org:saml2:metadata-extension:v2"/>
                                    <urn1:AttributeMap Name="email" Type="LDAP" AttributeSourceId="PingDir" Value="mail" xmlns:urn1="urn:sourceid.org:saml2:metadata-extension:v2"/>
                                    <urn1:AttributeSource Id="PingDir" Description="Ping Directory local" Type="LDAP" DataSourceId="LDAP-D803C87FAB2ADFB4B0A947B64BA6F0C6093A5CA3" xmlns:urn1="urn:sourceid.org:saml2:metadata-extension:v2">
                                        <urn1:Parameter Name="filter" Value="mail=${ad.IDFirst.subject}"/>
                                        <urn1:Parameter Name="search_base" Value="dc=example,dc=com"/>
                                        <urn1:Parameter Name="search_scope" Value="SUBTREE_SCOPE"/>
                                        <urn1:Parameter Name="memberof_nested_group" Value="false"/>
                                    </urn1:AttributeSource>
                                    <urn1:TokenAuthorizationIssuanceCriteria xmlns:urn1="urn:sourceid.org:saml2:metadata-extension:v2"/>
                                </urn:AttributeMapping>
                            </urn:AstAction>
                        </urn:AstChild>
                    </urn:AstChild>
                    <urn:AstChild context="Local">
                        <urn:AstAction xsi:type="urn:AuthnSourceActionType" xmlns:xsi="http://www.w3.org/2001/XMLSchema-instance">
                            <urn:AuthnSourceKey type="ADAPTER">LocalForm</urn:AuthnSourceKey>
                            <urn:fallbackToSuccess>true</urn:fallbackToSuccess>
                            <urn:InputIdMapping Type="Adapter" AttributeSourceId="IDFirst" Value="subject"/>
                        </urn:AstAction>
                        <urn:AstChild context="Fail">
                            <urn:AstAction noOpType="DONE" xsi:type="urn:NoOpActionType" xmlns:xsi="http://www.w3.org/2001/XMLSchema-instance"/>
                        </urn:AstChild>
                        <urn:AstChild context="Success">
                            <urn:AstAction apcId="1ZTo0IqW68E7PBEU" xsi:type="urn:ApcMappingActionType" xmlns:xsi="http://www.w3.org/2001/XMLSchema-instance">
                                <urn:AttributeMapping>
                                    <urn1:AttributeMap Name="firstName" Type="LDAP" AttributeSourceId="PingDir" Value="givenName" xmlns:urn1="urn:sourceid.org:saml2:metadata-extension:v2"/>
                                    <urn1:AttributeMap Name="lastName" Type="LDAP" AttributeSourceId="PingDir" Value="sn" xmlns:urn1="urn:sourceid.org:saml2:metadata-extension:v2"/>
                                    <urn1:AttributeMap Name="subject" Type="Adapter" AttributeSourceId="LocalForm" Value="username" xmlns:urn1="urn:sourceid.org:saml2:metadata-extension:v2"/>
                                    <urn1:AttributeMap Name="cn" Type="Adapter" AttributeSourceId="LocalForm" Value="cn" xmlns:urn1="urn:sourceid.org:saml2:metadata-extension:v2"/>
                                    <urn1:AttributeMap Name="email" Type="LDAP" AttributeSourceId="PingDir" Value="mail" xmlns:urn1="urn:sourceid.org:saml2:metadata-extension:v2"/>
                                    <urn1:AttributeSource Id="PingDir" Description="Ping Directory local" Type="LDAP" DataSourceId="LDAP-D803C87FAB2ADFB4B0A947B64BA6F0C6093A5CA3" xmlns:urn1="urn:sourceid.org:saml2:metadata-extension:v2">
                                        <urn1:Parameter Name="filter" Value="mail=${ad.LocalForm.username}"/>
                                        <urn1:Parameter Name="search_base" Value="dc=example,dc=com"/>
                                        <urn1:Parameter Name="search_scope" Value="SUBTREE_SCOPE"/>
                                        <urn1:Parameter Name="memberof_nested_group" Value="false"/>
                                    </urn1:AttributeSource>
                                    <urn1:TokenAuthorizationIssuanceCriteria xmlns:urn1="urn:sourceid.org:saml2:metadata-extension:v2"/>
                                </urn:AttributeMapping>
                            </urn:AstAction>
                        </urn:AstChild>
                    </urn:AstChild>
                    <urn:AstChild context="EMCRe">
                        <urn:AstAction xsi:type="urn:AuthnSourceActionType" xmlns:xsi="http://www.w3.org/2001/XMLSchema-instance">
                            <urn:AuthnSourceKey type="IDP_CONN">C_X2dE4igI4G-efzo8WaGZcotaR</urn:AuthnSourceKey>
                            <urn:fallbackToSuccess>true</urn:fallbackToSuccess>
                        </urn:AstAction>
                        <urn:AstChild context="Fail">
                            <urn:AstAction noOpType="DONE" xsi:type="urn:NoOpActionType" xmlns:xsi="http://www.w3.org/2001/XMLSchema-instance"/>
                        </urn:AstChild>
                        <urn:AstChild context="Success">
                            <urn:AstAction apcId="1ZTo0IqW68E7PBEU" xsi:type="urn:ApcMappingActionType" xmlns:xsi="http://www.w3.org/2001/XMLSchema-instance">
                                <urn:AttributeMapping>
                                    <urn1:AttributeMap Name="firstName" Type="LDAP" AttributeSourceId="PingDir" Value="givenName" xmlns:urn1="urn:sourceid.org:saml2:metadata-extension:v2"/>
                                    <urn1:AttributeMap Name="lastName" Type="LDAP" AttributeSourceId="PingDir" Value="sn" xmlns:urn1="urn:sourceid.org:saml2:metadata-extension:v2"/>
                                    <urn1:AttributeMap Name="subject" Type="IdP Connection" AttributeSourceId="C_X2dE4igI4G-efzo8WaGZcotaR" Value="SAML_SUBJECT" xmlns:urn1="urn:sourceid.org:saml2:metadata-extension:v2"/>
                                    <urn1:AttributeMap Name="cn" Type="Text" Value="ACME" xmlns:urn1="urn:sourceid.org:saml2:metadata-extension:v2"/>
                                    <urn1:AttributeMap Name="email" Type="LDAP" AttributeSourceId="PingDir" Value="mail" xmlns:urn1="urn:sourceid.org:saml2:metadata-extension:v2"/>
                                    <urn1:AttributeSource Id="PingDir" Description="Ping Directory local" Type="LDAP" DataSourceId="LDAP-D803C87FAB2ADFB4B0A947B64BA6F0C6093A5CA3" xmlns:urn1="urn:sourceid.org:saml2:metadata-extension:v2">
                                        <urn1:Parameter Name="filter" Value="mail=${ad.IDFirst.subject}"/>
                                        <urn1:Parameter Name="search_base" Value="dc=example,dc=com"/>
                                        <urn1:Parameter Name="search_scope" Value="SUBTREE_SCOPE"/>
                                        <urn1:Parameter Name="memberof_nested_group" Value="false"/>
                                    </urn1:AttributeSource>
                                    <urn1:TokenAuthorizationIssuanceCriteria xmlns:urn1="urn:sourceid.org:saml2:metadata-extension:v2"/>
                                </urn:AttributeMapping>
                            </urn:AstAction>
                        </urn:AstChild>
                    </urn:AstChild>
                    <urn:AstChild context="Partner">
                        <urn:AstAction xsi:type="urn:AuthnSourceActionType" xmlns:xsi="http://www.w3.org/2001/XMLSchema-instance">
                            <urn:AuthnSourceKey type="ADAPTER">LocalForm</urn:AuthnSourceKey>
                            <urn:fallbackToSuccess>true</urn:fallbackToSuccess>
                            <urn:InputIdMapping Type="Adapter" AttributeSourceId="IDFirst" Value="subject"/>
                        </urn:AstAction>
                        <urn:AstChild context="Fail">
                            <urn:AstAction noOpType="DONE" xsi:type="urn:NoOpActionType" xmlns:xsi="http://www.w3.org/2001/XMLSchema-instance"/>
                        </urn:AstChild>
                        <urn:AstChild context="Success">
                            <urn:AstAction apcId="1ZTo0IqW68E7PBEU" xsi:type="urn:ApcMappingActionType" xmlns:xsi="http://www.w3.org/2001/XMLSchema-instance">
                                <urn:AttributeMapping>
                                    <urn1:AttributeMap Name="firstName" Type="LDAP" AttributeSourceId="PingDir" Value="givenName" xmlns:urn1="urn:sourceid.org:saml2:metadata-extension:v2"/>
                                    <urn1:AttributeMap Name="lastName" Type="LDAP" AttributeSourceId="PingDir" Value="sn" xmlns:urn1="urn:sourceid.org:saml2:metadata-extension:v2"/>
                                    <urn1:AttributeMap Name="subject" Type="Adapter" AttributeSourceId="LocalForm" Value="username" xmlns:urn1="urn:sourceid.org:saml2:metadata-extension:v2"/>
                                    <urn1:AttributeMap Name="cn" Type="Adapter" AttributeSourceId="LocalForm" Value="cn" xmlns:urn1="urn:sourceid.org:saml2:metadata-extension:v2"/>
                                    <urn1:AttributeMap Name="email" Type="LDAP" AttributeSourceId="PingDir" Value="mail" xmlns:urn1="urn:sourceid.org:saml2:metadata-extension:v2"/>
                                    <urn1:AttributeSource Id="PingDir" Description="Ping Directory local" Type="LDAP" DataSourceId="LDAP-D803C87FAB2ADFB4B0A947B64BA6F0C6093A5CA3" xmlns:urn1="urn:sourceid.org:saml2:metadata-extension:v2">
                                        <urn1:Parameter Name="filter" Value="mail=${ad.LocalForm.username}"/>
                                        <urn1:Parameter Name="search_base" Value="dc=example,dc=com"/>
                                        <urn1:Parameter Name="search_scope" Value="SUBTREE_SCOPE"/>
                                        <urn1:Parameter Name="memberof_nested_group" Value="false"/>
                                    </urn1:AttributeSource>
                                    <urn1:TokenAuthorizationIssuanceCriteria xmlns:urn1="urn:sourceid.org:saml2:metadata-extension:v2"/>
                                </urn:AttributeMapping>
                            </urn:AstAction>
                        </urn:AstChild>
                    </urn:AstChild>
                    <urn:AstChild context="Success">
                        <urn:AstAction noOpType="DONE" xsi:type="urn:NoOpActionType" xmlns:xsi="http://www.w3.org/2001/XMLSchema-instance"/>
                    </urn:AstChild>
                </urn:AstChild>
            </urn:AstRoot>
        </urn:AuthnSelectionTree>
        <urn:AuthnSelectionTree treeName="Default AuthN Policy" disabled="false" authnApiApp="">
            <urn:AstRoot context="">
                <urn:AstAction xsi:type="urn:AuthnSourceActionType" xmlns:xsi="http://www.w3.org/2001/XMLSchema-instance">
                    <urn:AuthnSourceKey type="ADAPTER">HTMLFormPD</urn:AuthnSourceKey>
                    <urn:fallbackToSuccess>true</urn:fallbackToSuccess>
                    <urn:attributeRule>
                        <urn:IncomingAttr>policy.action</urn:IncomingAttr>
                        <urn:Operand>EQUALS</urn:Operand>
                        <urn:ExpectedValue>Google</urn:ExpectedValue>
                        <urn:Result>Google users</urn:Result>
                    </urn:attributeRule>
                    <urn:attributeRule>
                        <urn:IncomingAttr>policy.action</urn:IncomingAttr>
                        <urn:Operand>EQUALS</urn:Operand>
                        <urn:ExpectedValue>ACME Airlines</urn:ExpectedValue>
                        <urn:Result>ACME users</urn:Result>
                    </urn:attributeRule>
                    <urn:attributeRule>
                        <urn:IncomingAttr>policy.action</urn:IncomingAttr>
                        <urn:Operand>EQUALS</urn:Operand>
                        <urn:ExpectedValue>identity.registration</urn:ExpectedValue>
                        <urn:Result>Register</urn:Result>
                    </urn:attributeRule>
                </urn:AstAction>
                <urn:AstChild context="Fail">
                    <urn:AstAction noOpType="DONE" xsi:type="urn:NoOpActionType" xmlns:xsi="http://www.w3.org/2001/XMLSchema-instance"/>
                </urn:AstChild>
                <urn:AstChild context="Google users">
                    <urn:AstAction xsi:type="urn:AuthnSourceActionType" xmlns:xsi="http://www.w3.org/2001/XMLSchema-instance">
                        <urn:AuthnSourceKey type="ADAPTER">Google</urn:AuthnSourceKey>
                        <urn:fallbackToSuccess>true</urn:fallbackToSuccess>
                    </urn:AstAction>
                    <urn:AstChild context="Fail">
                        <urn:AstAction noOpType="DONE" xsi:type="urn:NoOpActionType" xmlns:xsi="http://www.w3.org/2001/XMLSchema-instance"/>
                    </urn:AstChild>
                    <urn:AstChild context="Success">
                        <urn:AstAction lipId="RBSQIwi5KWYN9ZGK" xsi:type="urn:LocalIdentityMappingActionType" xmlns:xsi="http://www.w3.org/2001/XMLSchema-instance">
                            <urn:InboundAttributeMapping>
                                <urn1:AttributeMap Name="mail" Type="Adapter" AttributeSourceId="Google" Value="email" xmlns:urn1="urn:sourceid.org:saml2:metadata-extension:v2"/>
                                <urn1:AttributeMap Name="pf.local.identity.unique.id" Type="Adapter" AttributeSourceId="Google" Value="email" xmlns:urn1="urn:sourceid.org:saml2:metadata-extension:v2"/>
                                <urn1:TokenAuthorizationIssuanceCriteria xmlns:urn1="urn:sourceid.org:saml2:metadata-extension:v2"/>
                            </urn:InboundAttributeMapping>
                            <urn:OutboundAttributeMapping>
                                <urn1:AttributeMap Name="mail" Type="Adapter" AttributeSourceId="Google" Value="email" xmlns:urn1="urn:sourceid.org:saml2:metadata-extension:v2"/>
                                <urn1:AttributeMap Name="subject" Type="Adapter" AttributeSourceId="Google" Value="email" xmlns:urn1="urn:sourceid.org:saml2:metadata-extension:v2"/>
                                <urn1:AttributeMap Name="cn" Type="Local Account" AttributeSourceId="RBSQIwi5KWYN9ZGK" Value="cn" xmlns:urn1="urn:sourceid.org:saml2:metadata-extension:v2"/>
                                <urn1:AttributeMap Name="sn" Type="Local Account" AttributeSourceId="RBSQIwi5KWYN9ZGK" Value="sn" xmlns:urn1="urn:sourceid.org:saml2:metadata-extension:v2"/>
                                <urn1:TokenAuthorizationIssuanceCriteria xmlns:urn1="urn:sourceid.org:saml2:metadata-extension:v2"/>
                            </urn:OutboundAttributeMapping>
                        </urn:AstAction>
                    </urn:AstChild>
                </urn:AstChild>
                <urn:AstChild context="ACME users">
                    <urn:AstAction xsi:type="urn:AuthnSourceActionType" xmlns:xsi="http://www.w3.org/2001/XMLSchema-instance">
                        <urn:AuthnSourceKey type="IDP_CONN">C_X2dE4igI4G-efzo8WaGZcotaR</urn:AuthnSourceKey>
                        <urn:fallbackToSuccess>true</urn:fallbackToSuccess>
                    </urn:AstAction>
                    <urn:AstChild context="Fail">
                        <urn:AstAction noOpType="DONE" xsi:type="urn:NoOpActionType" xmlns:xsi="http://www.w3.org/2001/XMLSchema-instance"/>
                    </urn:AstChild>
                    <urn:AstChild context="Success">
                        <urn:AstAction lipId="RBSQIwi5KWYN9ZGK" xsi:type="urn:LocalIdentityMappingActionType" xmlns:xsi="http://www.w3.org/2001/XMLSchema-instance">
                            <urn:InboundAttributeMapping>
                                <urn1:AttributeMap Name="mail" Type="IdP Connection" AttributeSourceId="C_X2dE4igI4G-efzo8WaGZcotaR" Value="mail" xmlns:urn1="urn:sourceid.org:saml2:metadata-extension:v2"/>
                                <urn1:AttributeMap Name="pf.local.identity.unique.id" Type="IdP Connection" AttributeSourceId="C_X2dE4igI4G-efzo8WaGZcotaR" Value="SAML_SUBJECT" xmlns:urn1="urn:sourceid.org:saml2:metadata-extension:v2"/>
                                <urn1:AttributeMap Name="cn" Type="IdP Connection" AttributeSourceId="C_X2dE4igI4G-efzo8WaGZcotaR" Value="cn" xmlns:urn1="urn:sourceid.org:saml2:metadata-extension:v2"/>
                                <urn1:AttributeMap Name="sn" Type="IdP Connection" AttributeSourceId="C_X2dE4igI4G-efzo8WaGZcotaR" Value="sn" xmlns:urn1="urn:sourceid.org:saml2:metadata-extension:v2"/>
                                <urn1:TokenAuthorizationIssuanceCriteria xmlns:urn1="urn:sourceid.org:saml2:metadata-extension:v2"/>
                            </urn:InboundAttributeMapping>
                            <urn:OutboundAttributeMapping>
                                <urn1:AttributeMap Name="mail" Type="IdP Connection" AttributeSourceId="C_X2dE4igI4G-efzo8WaGZcotaR" Value="mail" xmlns:urn1="urn:sourceid.org:saml2:metadata-extension:v2"/>
                                <urn1:AttributeMap Name="subject" Type="IdP Connection" AttributeSourceId="C_X2dE4igI4G-efzo8WaGZcotaR" Value="SAML_SUBJECT" xmlns:urn1="urn:sourceid.org:saml2:metadata-extension:v2"/>
                                <urn1:AttributeMap Name="cn" Type="IdP Connection" AttributeSourceId="C_X2dE4igI4G-efzo8WaGZcotaR" Value="cn" xmlns:urn1="urn:sourceid.org:saml2:metadata-extension:v2"/>
                                <urn1:AttributeMap Name="sn" Type="IdP Connection" AttributeSourceId="C_X2dE4igI4G-efzo8WaGZcotaR" Value="sn" xmlns:urn1="urn:sourceid.org:saml2:metadata-extension:v2"/>
                                <urn1:TokenAuthorizationIssuanceCriteria xmlns:urn1="urn:sourceid.org:saml2:metadata-extension:v2"/>
                            </urn:OutboundAttributeMapping>
                        </urn:AstAction>
                    </urn:AstChild>
                </urn:AstChild>
                <urn:AstChild context="Register">
                    <urn:AstAction lipId="RBSQIwi5KWYN9ZGK" xsi:type="urn:LocalIdentityMappingActionType" xmlns:xsi="http://www.w3.org/2001/XMLSchema-instance">
                        <urn:InboundAttributeMapping>
                            <urn1:TokenAuthorizationIssuanceCriteria xmlns:urn1="urn:sourceid.org:saml2:metadata-extension:v2"/>
                        </urn:InboundAttributeMapping>
                        <urn:OutboundAttributeMapping>
                            <urn1:AttributeMap Name="mail" Type="Local Account" AttributeSourceId="RBSQIwi5KWYN9ZGK" Value="mail" xmlns:urn1="urn:sourceid.org:saml2:metadata-extension:v2"/>
                            <urn1:AttributeMap Name="subject" Type="Local Account" AttributeSourceId="RBSQIwi5KWYN9ZGK" Value="entryUUID" xmlns:urn1="urn:sourceid.org:saml2:metadata-extension:v2"/>
                            <urn1:AttributeMap Name="cn" Type="Local Account" AttributeSourceId="RBSQIwi5KWYN9ZGK" Value="cn" xmlns:urn1="urn:sourceid.org:saml2:metadata-extension:v2"/>
                            <urn1:AttributeMap Name="sn" Type="Local Account" AttributeSourceId="RBSQIwi5KWYN9ZGK" Value="sn" xmlns:urn1="urn:sourceid.org:saml2:metadata-extension:v2"/>
                            <urn1:TokenAuthorizationIssuanceCriteria xmlns:urn1="urn:sourceid.org:saml2:metadata-extension:v2"/>
                        </urn:OutboundAttributeMapping>
                    </urn:AstAction>
                </urn:AstChild>
                <urn:AstChild context="Success">
                    <urn:AstAction xsi:type="urn:AuthnSourceActionType" xmlns:xsi="http://www.w3.org/2001/XMLSchema-instance">
                        <urn:AuthnSourceKey type="ADAPTER">PingID</urn:AuthnSourceKey>
                        <urn:fallbackToSuccess>true</urn:fallbackToSuccess>
                        <urn:InputIdMapping Type="Adapter" AttributeSourceId="HTMLFormPD" Value="username"/>
                    </urn:AstAction>
                    <urn:AstChild context="Fail">
                        <urn:AstAction noOpType="DONE" xsi:type="urn:NoOpActionType" xmlns:xsi="http://www.w3.org/2001/XMLSchema-instance"/>
                    </urn:AstChild>
                    <urn:AstChild context="Success">
                        <urn:AstAction lipId="RBSQIwi5KWYN9ZGK" xsi:type="urn:LocalIdentityMappingActionType" xmlns:xsi="http://www.w3.org/2001/XMLSchema-instance">
                            <urn:InboundAttributeMapping>
                                <urn1:AttributeMap Name="pf.local.identity.unique.id" Type="Adapter" AttributeSourceId="HTMLFormPD" Value="username" xmlns:urn1="urn:sourceid.org:saml2:metadata-extension:v2"/>
                                <urn1:TokenAuthorizationIssuanceCriteria xmlns:urn1="urn:sourceid.org:saml2:metadata-extension:v2"/>
                            </urn:InboundAttributeMapping>
                            <urn:OutboundAttributeMapping>
                                <urn1:AttributeMap Name="mail" Type="Adapter" AttributeSourceId="HTMLFormPD" Value="username" xmlns:urn1="urn:sourceid.org:saml2:metadata-extension:v2"/>
                                <urn1:AttributeMap Name="subject" Type="Adapter" AttributeSourceId="HTMLFormPD" Value="username" xmlns:urn1="urn:sourceid.org:saml2:metadata-extension:v2"/>
                                <urn1:AttributeMap Name="cn" Type="Adapter" AttributeSourceId="HTMLFormPD" Value="cn" xmlns:urn1="urn:sourceid.org:saml2:metadata-extension:v2"/>
                                <urn1:AttributeMap Name="sn" Type="Adapter" AttributeSourceId="HTMLFormPD" Value="entryUUID" xmlns:urn1="urn:sourceid.org:saml2:metadata-extension:v2"/>
                                <urn1:TokenAuthorizationIssuanceCriteria xmlns:urn1="urn:sourceid.org:saml2:metadata-extension:v2"/>
                            </urn:OutboundAttributeMapping>
                        </urn:AstAction>
                    </urn:AstChild>
                </urn:AstChild>
            </urn:AstRoot>
        </urn:AuthnSelectionTree>
    </urn:AuthnSelectionTrees>
    <urn:DefaultAuthnSources/>
</urn:AuthnSelectionConfig>