<?xml version="1.0" encoding="UTF-8"?>
<urn:PluginConfiguration isInheritExtendedContractAttributes="false" name="UserPass" xmlns:urn="urn:sourceid.org:saml2:adapter:conf">
    <urn:Fields/>
    <urn:AdvancedFields/>
    <urn:Tables>
        <urn:Table name="Users">
            <urn:Row>
                <urn:Field name="Username">joe</urn:Field>
                <urn:Field name="Password">8TNwLnpsLf_ytElNDH9XyrryYcGBvf187iMOrvRJdqo.rmQVffrY.2</urn:Field>
                <urn:Field name="Confirm Password">QFKbqa9_c1d_cu1D4dy8fkMGeVkBBY05RmthSvmx3Qo.U_3qaLOL.2</urn:Field>
                <urn:Field name="Relax Password Requirements">false</urn:Field>
            </urn:Row>
            <urn:Row>
                <urn:Field name="Username">sarah</urn:Field>
                <urn:Field name="Password">dSjH7nxK4wKWkgm9zRk8Ok63Hd__Xm5cX4xczA7eNLE.Z0GsLttI.2</urn:Field>
                <urn:Field name="Confirm Password">fP8RKWhL4W2T3emDaEjtXvy4kkIQ5LAI9jyVGq5LskE.xnsSFOc7.2</urn:Field>
                <urn:Field name="Relax Password Requirements">false</urn:Field>
            </urn:Row>
            <urn:Row>
                <urn:Field name="Username">scott</urn:Field>
                <urn:Field name="Password">xkbBCd8FiTqM1Wowr2IBVwzqGdqbCMoOzSH1KmLE4go.TTSbd_BK.2</urn:Field>
                <urn:Field name="Confirm Password">1yTmBpuhaV0audL34UyHyJBSF79BznCgbqBZIsfslGg.6catba2v.2</urn:Field>
                <urn:Field name="Relax Password Requirements">false</urn:Field>
            </urn:Row>
        </urn:Table>
    </urn:Tables>
</urn:PluginConfiguration>